Season,Location,Study day,Stage,Name  ,Weight mg,N  percent,C  percent,CN  ratio
spring,conint,0,Initial,1_SP1_conint,58.29,0.794,13.253,16.6842
spring,grint,0,Initial,1_SP1_grint,54.96,0.738,11.412,15.4723
spring,conint,0,Initial,1_SP2_conint,64.82,0.839,12.435,14.827
spring,grint,0,Initial,1_SP2_grint,55.47,0.748,10.793,14.4246
spring,conint,0,Initial,1_SP3_conint,64.65,0.777,11.575,14.8981
spring,grint,0,Initial,1_SP3_grint,64.01,0.783,11.474,14.6449
spring,conint,8,Bloat,2_SP1_conint,53.26,0.786,11.647,14.8089
spring,grint,8,Bloat,2_SP1_grint,23.76,0.981,16.394,16.7154
spring,conint,8,Bloat,2_SP2_conint,64.19,0.841,12.062,14.3406
spring,grint,8,Bloat,2_SP2_grint,30.32,0.842,14.078,16.7146
spring,conint,8,Bloat,2_SP3_conint,64.8,0.739,10.9,14.7433
spring,grint,8,Bloat,2_SP3_grint,23.2,0.808,18.406,22.7937
spring,conint,12,Active,3_SP1_conint,78.6,0.664,9.416,14.1854
spring,grint,12,Active,3_SP1_grint,24.46,0.989,27.874,28.1899
spring,conint,12,Active,3_SP2_conint,57.49,0.914,12.782,13.9893
spring,grint,12,Active,3_SP2_grint,25.54,1.329,28.492,21.4424
spring,conint,12,Active,3_SP3_conint,67.48,0.899,13.311,14.81
spring,grint,12,Active,3_SP3_grint,37.38,1.007,24.159,23.9853
spring,conint,16,Advanced,4_SP1_conint,61.12,0.641,9.56,14.9186
spring,grint,16,Advanced,4_SP1_grint,40.66,1.218,31.911,26.1968
spring,conint,16,Advanced,4_SP2_conint,50.75,0.828,12.638,15.2572
spring,grint,16,Advanced,4_SP2_grint,26.22,1.28,25.641,20.038
spring,conint,16,Advanced,4_SP3_conint,59.74,0.845,12.384,14.6497
spring,grint,16,Advanced,4_SP3_grint,27.84,1.244,23.49,18.8831
spring,conint,27,Advanced2,5_SP1_conint,63.98,0.558,8.104,14.5158
spring,grint,27,Advanced2,5_SP1_grint,29.96,1.935,38.999,20.1586
spring,conint,27,Advanced2,5_SP2_conint,57.3,0.958,14.867,15.5219
spring,grint,27,Advanced2,5_SP2_grint,28.93,1.855,29.203,15.7413
spring,conint,27,Advanced2,5_SP3_conint,58.19,0.978,15.084,15.4271
spring,grint,27,Advanced2,5_SP3_grint,33.03,1.073,16.195,15.0917
spring,conint,43,Advanced3,6_SP1_conint,61.06,0.828,12.098,14.6064
spring,grint,43,Advanced3,6_SP1_grint,25.65,1.9,23.798,12.5256
spring,conint,43,Advanced3,6_SP2_conint,58.65,0.925,13.675,14.7785
spring,grint,43,Advanced3,6_SP2_grint,25.38,1.359,19.228,14.1447
spring,conint,43,Advanced3,6_SP3_conint,57.52,0.925,13.585,14.681
spring,grint,43,Advanced3,6_SP3_grint,33.04,1.307,30.04,22.9862
spring,conint,58,Advanced4,7_SP1_conint,76.93,0.791,11.404,14.4087
spring,grint,58,Advanced4,7_SP1_grint,34.27,1.492,22.264,14.9199
spring,conint,58,Advanced4,7_SP2_conint,50.98,0.965,14.754,15.2873
spring,grint,58,Advanced4,7_SP2_grint,25.14,1.13,17.878,15.8176
spring,conint,58,Advanced4,7_SP3_conint,74.62,0.867,13.027,15.0268
spring,grint,58,Advanced4,7_SP3_grint,83.14,1.334,17.892,13.4156
spring,conint,72,Advanced5,8_SP1_conint,89.64,0.739,10.402,14.0785
spring,grint,72,Advanced5,8_SP1_grint,65.9,1.234,17.376,14.0811
spring,conint,72,Advanced5,8_SP2_conint,88.43,0.923,13.02,14.1112
spring,grint,72,Advanced5,8_SP2_grint,92.95,1.136,13.776,12.1313
spring,conint,72,Advanced5,8_SP3_conint,70.27,0.824,12.286,14.9153
spring,grint,72,Advanced5,8_SP3_grint,68.52,0.903,12.271,13.5945
spring,conint,86,Advanced6,9_SP1_conint,58.87,0.721,10.411,14.444
spring,grint,86,Advanced6,9_SP1_grint,61.91,1.627,27.451,16.8683
spring,conint,86,Advanced6,9_SP2_conint,69.93,0.822,11.942,14.5198
spring,grint,86,Advanced6,9_SP2_grint,78.64,0.863,12.634,14.6388
spring,conint,86,Advanced6,9_SP3_conint,67.15,0.881,12.649,14.3532
spring,grint,86,Advanced6,9_SP3_grint,66.48,1.479,22.446,15.1791
spring,conint,103,Advanced7,10_SP1_conint,72.98,0.607,8.723,14.3711
spring,grint,103,Advanced7,10_SP1_grint,64.68,1.294,17.65,13.6375
spring,conint,103,Advanced7,10_SP2_conint,67.41,0.908,13.795,15.1856
spring,grint,103,Advanced7,10_SP2_grint,91.48,1.026,12.067,11.7643
spring,conint,103,Advanced7,10_SP3_conint,62,0.87,12.79,14.7051
spring,grint,103,Advanced7,10_SP3_grint,81.2,1.333,18.002,13.5079
spring,conint,117,Advanced8,11_SP1_conint,75.54,0.63,8.632,13.7056
spring,grint,117,Advanced8,11_SP1_grint,87.07,1.146,13.949,12.1743
spring,conint,117,Advanced8,11_SP2_conint,93.42,0.843,11.885,14.0907
spring,grint,117,Advanced8,11_SP2_grint,64.5,1.075,12.634,11.7545
spring,conint,117,Advanced8,11_SP3_conint,87.82,0.779,10.789,13.8582
spring,grint,117,Advanced8,11_SP3_grint,87.39,1.061,14.354,13.5236
spring,conint,132,Advanced9,12_SP1_conint,102.18,0.591,7.789,13.179
spring,grint,132,Advanced9,12_SP1_grint,74.34,1.079,12.17,11.278
spring,conint,132,Advanced9,12_SP2_conint,74.4,0.813,11.974,14.7307
spring,grint,132,Advanced9,12_SP2_grint,73.4,0.977,11.634,11.9109
spring,conint,132,Advanced9,12_SP3_conint,83.02,0.823,11.924,14.4967
spring,grint,132,Advanced9,12_SP3_grint,64.21,1.056,13.391,12.6853
spring,conint,150,Advanced10,13_SP1_conint,72.75,0.657,8.588,13.0744
spring,grint,150,Advanced10,13_SP1_grint,70.32,1.319,15.12,11.4595
spring,conint,150,Advanced10,13_SP2_conint,57.72,0.898,14.122,15.7213
spring,grint,150,Advanced10,13_SP2_grint,71.99,0.909,11.266,12.3895
spring,conint,150,Advanced10,13_SP3_conint,61.4,1.281,15.354,11.9899
spring,grint,150,Advanced10,13_SP3_grint,68.34,1.213,14.932,12.3085
spring,conint,168,Advanced11,14_SP1_conint,96.2,0.614,8.015,13.05
spring,grint,168,Advanced11,14_SP1_grint,60.17,2.361,21.048,8.9167
spring,conint,168,Advanced11,14_SP2_conint,76.25,0.909,14.997,16.4919
spring,grint,168,Advanced11,14_SP2_grint,116.11,1.106,11.889,10.75
spring,conint,168,Advanced11,14_SP3_conint,110.04,0.755,10.636,14.0859
spring,grint,168,Advanced11,14_SP3_grint,110.59,1.023,12.726,12.4394
spring,conint,201,Advanced12,15_SP1_conint,95.69,0.902,13.997,15.5208
spring,grint,201,Advanced12,15_SP1_grint,96.9,1.291,13.933,10.795
spring,conint,201,Advanced12,15_SP2_conint,87.35,0.623,8.631,13.8503
spring,grint,201,Advanced12,15_SP2_grint,118.47,0.99,11.356,11.4682
spring,conint,201,Advanced12,15_SP3_conint,116.5,0.681,9.417,13.8291
spring,grint,201,Advanced12,15_SP3_grint,87.56,1.124,14.226,12.6536
spring,conint,254,Advanced13,16_SP1_conint,103.29,0.602,9.364,15.5428
spring,grint,254,Advanced13,16_SP1_grint,99.72,1.327,13.487,10.1648
spring,conint,254,Advanced13,16_SP2_conint,111.24,0.905,13.3,14.7022
spring,grint,254,Advanced13,16_SP2_grint,103.61,0.882,9.834,11.1482
spring,conint,254,Advanced13,16_SP3_conint,121.74,0.946,14.43,15.2584
spring,grint,254,Advanced13,16_SP3_grint,99.19,0.93,11.445,12.3005
spring,conint,303,Skeletonization1,17_SP1_conint,132.96,0.58,7.844,13.5204
spring,grint,303,Skeletonization1,17_SP1_grint,98.23,0.815,9.508,11.6697
spring,conint,303,Skeletonization1,17_SP2_conint,92.28,0.929,14.202,15.2926
spring,grint,303,Skeletonization1,17_SP2_grint,74.02,0.906,11.031,12.1778
spring,conint,303,Skeletonization1,17_SP3_conint,131.86,0.793,11.737,14.8018
spring,grint,303,Skeletonization1,17_SP3_grint,107.26,1.37,15.304,11.1742
spring,conint,340,Skeletonization2,18_SP1_conint,109.82,0.753,10.551,14.015
spring,grint,340,Skeletonization2,18_SP1_grint,106.9,1.139,13.912,12.2164
spring,conint,340,Skeletonization2,18_SP2_conint,82.73,0.941,15.787,16.7771
spring,grint,340,Skeletonization2,18_SP2_grint,109.81,1.146,12.677,11.0569
spring,conint,340,Skeletonization2,18_SP3_conint,88.7,0.894,13.362,14.9455
spring,grint,340,Skeletonization2,18_SP3_grint,83.33,1.155,13.476,11.6649
spring,conint,357,Skeletonization3,19_SP1_conint,98.68,0.501,7.487,14.9396
spring,grint,357,Skeletonization3,19_SP1_grint,114.22,1.099,12.335,11.2207
spring,conint,357,Skeletonization3,19_SP2_conint,100.48,0.907,13.855,15.2794
spring,grint,357,Skeletonization3,19_SP2_grint,114.85,0.979,10.973,11.2045
spring,conint,357,Skeletonization3,19_SP3_conint,100.43,0.77,10.857,14.1016
spring,grint,357,Skeletonization3,19_SP3_grint,108.97,1.224,14.614,11.9424
spring,conint,376,Skeletonization4,20_SP1_conint,124.6,0.473,10.587,22.3701
spring,grint,376,Skeletonization4,20_SP1_grint,83.51,0.96,11.979,12.4758
spring,conint,376,Skeletonization4,20_SP2_conint,82.95,0.972,15.733,16.1903
spring,grint,376,Skeletonization4,20_SP2_grint,72.27,0.89,11.037,12.398
spring,conint,376,Skeletonization4,20_SP3_conint,129.39,0.991,12.103,12.2132
spring,grint,376,Skeletonization4,20_SP3_grint,91.57,0.811,12.351,15.2306
spring,con15,0,Initial,1_SP1_con15,119.19,0.294,3.844,13.0633
spring,gr15,0,Initial,1_SP1_gr15,140.79,0.464,6.053,13.0549
spring,con15,0,Initial,1_SP2_con15,120.71,0.563,7.472,13.2716
spring,gr15,0,Initial,1_SP2_gr15,94.78,0.294,3.924,13.3537
spring,con15,0,Initial,1_SP3_con15,93.26,0.263,3.676,13.9907
spring,gr15,0,Initial,1_SP3_gr15,140.88,0.4,5.275,13.1795
spring,con15,8,Bloat,2_SP1_con15,106.77,0.523,6.884,13.1686
spring,gr15,8,Bloat,2_SP1_gr15,126.84,0.278,3.417,12.2796
spring,con15,8,Bloat,2_SP2_con15,100.47,0.584,7.864,13.4582
spring,gr15,8,Bloat,2_SP2_gr15,72.42,0.417,5.637,13.5071
spring,con15,8,Bloat,2_SP3_con15,109.88,0.356,4.964,13.9389
spring,gr15,8,Bloat,2_SP3_gr15,71.11,0.536,8.513,15.8749
spring,con15,12,Active,3_SP1_con15,137.13,0.486,5.747,11.8298
spring,gr15,12,Active,3_SP1_gr15,62.45,0.436,8.599,19.7237
spring,con15,12,Active,3_SP2_con15,112.13,0.522,6.419,12.2938
spring,gr15,12,Active,3_SP2_gr15,71.46,0.525,7.272,13.8503
spring,con15,12,Active,3_SP3_con15,156.81,0.645,8.788,13.6341
spring,gr15,12,Active,3_SP3_gr15,75.96,0.636,12.195,19.18
spring,con15,16,Advanced,4_SP1_con15,81.78,0.396,4.924,12.4481
spring,gr15,16,Advanced,4_SP1_gr15,78.81,0.915,16.179,17.6726
spring,con15,16,Advanced,4_SP2_con15,107.78,0.467,5.875,12.5853
spring,gr15,16,Advanced,4_SP2_gr15,76.18,0.309,3.98,12.8988
spring,con15,16,Advanced,4_SP3_con15,76.31,0.658,8.692,13.2191
spring,gr15,16,Advanced,4_SP3_gr15,87.47,0.602,12.275,20.3782
spring,con15,27,Advanced2,5_SP1_con15,135.54,0.435,5.379,12.3581
spring,gr15,27,Advanced2,5_SP1_gr15,73.6,0.846,14.24,16.8244
spring,con15,27,Advanced2,5_SP2_con15,72.87,0.481,6.429,13.3639
spring,gr15,27,Advanced2,5_SP2_gr15,80.13,0.625,10.812,17.3068
spring,con15,27,Advanced2,5_SP3_con15,94.81,0.541,8.103,14.9737
spring,gr15,27,Advanced2,5_SP3_gr15,80.35,0.609,9.884,16.2374
spring,con15,43,Advanced3,6_SP1_con15,45.64,0.434,6.733,15.5053
spring,gr15,43,Advanced3,6_SP1_gr15,77.72,0.406,7.924,19.5099
spring,con15,43,Advanced3,6_SP2_con15,78.18,0.504,6.839,13.5783
spring,gr15,43,Advanced3,6_SP2_gr15,77.47,0.432,6.533,15.1235
spring,con15,43,Advanced3,6_SP3_con15,127.06,0.544,7.446,13.6974
spring,gr15,43,Advanced3,6_SP3_gr15,77.37,0.536,10.19,18.9962
spring,con15,58,Advanced4,7_SP1_con15,97.57,0.427,5.274,12.3487
spring,gr15,58,Advanced4,7_SP1_gr15,79.59,0.684,9.657,14.1131
spring,con15,58,Advanced4,7_SP2_con15,146.35,0.344,4.244,12.3495
spring,gr15,58,Advanced4,7_SP2_gr15,75.18,0.906,11.428,12.613
spring,con15,58,Advanced4,7_SP3_con15,125.64,0.609,8,13.1364
spring,gr15,58,Advanced4,7_SP3_gr15,112.7,0.555,8.193,14.7529
spring,con15,72,Advanced5,8_SP1_con15,142.16,0.268,3.502,13.0651
spring,gr15,72,Advanced5,8_SP1_gr15,111.78,0.541,7.814,14.4426
spring,con15,72,Advanced5,8_SP2_con15,103.51,0.423,5.354,12.6517
spring,gr15,72,Advanced5,8_SP2_gr15,125.12,0.313,3.818,12.2141
spring,con15,72,Advanced5,8_SP3_con15,102.57,0.56,7.626,13.6237
spring,gr15,72,Advanced5,8_SP3_gr15,115.85,0.449,6.957,15.5051
spring,con15,86,Advanced6,9_SP1_con15,103.14,0.436,5.642,12.9517
spring,gr15,86,Advanced6,9_SP1_gr15,120.76,0.445,5.904,13.2707
spring,con15,86,Advanced6,9_SP2_con15,132.56,0.501,6.564,13.0896
spring,gr15,86,Advanced6,9_SP2_gr15,129.98,0.446,5.803,13.0186
spring,con15,86,Advanced6,9_SP3_con15,111.48,0.508,6.365,12.5253
spring,gr15,86,Advanced6,9_SP3_gr15,118.87,0.41,5.48,13.3714
spring,con15,103,Advanced7,10_SP1_con15,119.02,0.399,5.205,13.0377
spring,gr15,103,Advanced7,10_SP1_gr15,105.7,0.625,10.874,17.3976
spring,con15,103,Advanced7,10_SP2_con15,107.75,0.49,6.369,12.9856
spring,gr15,103,Advanced7,10_SP2_gr15,123.07,0.379,4.745,12.5342
spring,con15,103,Advanced7,110_SP3_con15,141.57,0.403,5.232,12.9852
spring,gr15,103,Advanced7,10_SP3_gr15,109.23,0.628,10.333,16.4467
spring,con15,117,Advanced8,11_SP1_con15,110.77,0.412,5.57,13.5223
spring,gr15,117,Advanced8,11_SP1_gr15,103.82,0.552,9.186,16.6532
spring,con15,117,Advanced8,11_SP2_con15,100.15,0.6,8.45,14.0815
spring,gr15,117,Advanced8,11_SP2_gr15,93.65,0.476,6.288,13.2205
spring,con15,117,Advanced8,11_SP3_con15,113.39,0.33,4.424,13.4216
spring,gr15,117,Advanced8,11_SP3_gr15,118.24,0.716,11.733,16.3767
spring,con15,132,Advanced9,12_SP1_con15,107.83,0.301,3.922,13.0296
spring,gr15,132,Advanced9,12_SP1_gr15,110.14,0.82,10.778,13.1375
spring,con15,132,Advanced9,12_SP2_con15,103.38,0.657,8.674,13.2006
spring,gr15,132,Advanced9,12_SP2_gr15,123.4,0.463,6.125,13.2338
spring,con15,132,Advanced9,12_SP3_con15,110.13,0.521,6.967,13.3684
spring,gr15,132,Advanced9,12_SP3_gr15,97.18,0.375,5.336,14.2163
spring,con15,150,Advanced10,13_SP1_con15,102.41,0.315,4.018,12.7374
spring,gr15,150,Advanced10,13_SP1_gr15,118.77,0.648,8.37,12.913
spring,con15,150,Advanced10,13_SP2_con15,108.03,0.52,6.966,13.3889
spring,gr15,150,Advanced10,13_SP2_gr15,78.47,0.557,7.426,13.3421
spring,con15,150,Advanced10,13_SP3_con15,101.78,0.512,6.796,13.2633
spring,gr15,150,Advanced10,13_SP3_gr15,104.85,0.695,10.644,15.3153
spring,con15,168,Advanced11,14_SP1_con15,107.2,0.352,4.492,12.7625
spring,gr15,168,Advanced11,14_SP1_gr15,120.24,0.537,6.697,12.4732
spring,con15,168,Advanced11,14_SP2_con15,51.97,0.525,9.882,18.8155
spring,gr15,168,Advanced11,14_SP2_gr15,120.5,0.438,5.602,12.7837
spring,con15,168,Advanced11,14_SP3_con15,132.9,0.615,8.144,13.2365
spring,gr15,168,Advanced11,14_SP3_gr15,119.1,1.321,16.551,12.534
spring,con15,201,Advanced12,15_SP1_con15,116.47,0.503,6.731,13.3828
spring,gr15,201,Advanced12,15_SP1_gr15,126.77,0.498,6.301,12.6429
spring,con15,201,Advanced12,15_SP2_con15,91.79,0.589,8.529,14.4727
spring,gr15,201,Advanced12,15_SP2_gr15,128.72,0.4,5.15,12.8884
spring,con15,201,Advanced12,15_SP3_con15,88.13,0.416,5.939,14.2629
spring,gr15,201,Advanced12,15_SP3_gr15,111.19,0.437,5.891,13.4748
spring,con15,254,Advanced13,16_SP1_con15,85.6,0.436,5.816,13.3464
spring,gr15,254,Advanced13,16_SP1_gr15,105.12,0.809,10.126,12.521
spring,con15,254,Advanced13,16_SP2_con15,145.48,0.74,9.927,13.407
spring,gr15,254,Advanced13,16_SP2_gr15,114.03,0.38,4.863,12.7993
spring,con15,254,Advanced13,16_SP3_con15,76.1,0.613,9.12,14.8675
spring,gr15,254,Advanced13,16_SP3_gr15,136.29,0.541,7.01,12.9529
spring,con15,303,Skeletonization1,17_SP1_con15,123.3,0.483,6.669,13.7977
spring,gr15,303,Skeletonization1,17_SP1_gr15,131.9,0.413,5.517,13.3469
spring,con15,303,Skeletonization1,17_SP2_con15,99.4,0.395,5.386,13.6187
spring,gr15,303,Skeletonization1,17_SP2_gr15,113.23,0.485,6.066,12.4947
spring,con15,303,Skeletonization1,17_SP3_con15,109.09,0.376,5.24,13.9188
spring,gr15,303,Skeletonization1,17_SP3_gr15,121.95,0.792,10.989,13.8758
spring,con15,340,Skeletonization2,18_SP1_con15,84.03,0.522,7.431,14.2465
spring,gr15,340,Skeletonization2,18_SP1_gr15,111.57,0.592,7.814,13.19
spring,con15,340,Skeletonization2,18_SP2_con15,89.67,0.585,8.442,14.4233
spring,gr15,340,Skeletonization2,18_SP2_gr15,124.43,0.459,5.602,12.2105
spring,con15,340,Skeletonization2,18_SP3_con15,114.98,0.527,7.102,13.4729
spring,gr15,340,Skeletonization2,18_SP3_gr15,105.82,1.002,12.862,12.8361
spring,con15,357,Skeletonization3,19_SP1_con15,86.07,0.309,4.395,14.2027
spring,gr15,357,Skeletonization3,19_SP1_gr15,119.41,0.505,6.534,12.9412
spring,con15,357,Skeletonization3,19_SP2_con15,104.77,0.565,8.264,14.633
spring,gr15,357,Skeletonization3,19_SP2_gr15,127.7,0.26,3.312,12.7261
spring,con15,357,Skeletonization3,19_SP3_con15,121.95,0.342,4.599,13.4391
spring,gr15,357,Skeletonization3,19_SP3_gr15,125.72,0.482,6.557,13.591
spring,con15,376,Skeletonization4,20_SP1_con15,87.91,0.516,6.995,13.5659
spring,gr15,376,Skeletonization4,20_SP1_gr15,92.74,0.513,7.205,14.0422
spring,con15,376,Skeletonization4,20_SP2_con15,103.71,0.629,8.938,14.2174
spring,gr15,376,Skeletonization4,20_SP2_gr15,107.59,0.662,8.093,12.2299
spring,con15,376,Skeletonization4,20_SP3_con15,100.85,0.51,6.918,13.5506
spring,gr15,376,Skeletonization4,20_SP3_gr15,101.52,0.625,9.771,15.6295
winter,conint,0,Initial,1_win1_conint,91.11,1.087,19.72,18.1459
winter,grint,0,Initial,1_win1_grint,145.01,0.895,14.789,16.5244
winter,conint,0,Initial,1_win2_conint,104.3,0.782,13.098,16.753
winter,grint,0,Initial,1_win2_grint,106.1,0.914,15.226,16.6521
winter,conint,0,Initial,1_win3_conint,146,1.094,14.918,13.6392
winter,grint,0,Initial,1_win3_grint,113.62,0.997,14.934,14.9822
winter,conint,21,Bloat,2_win1_conint,113.65,1.032,16.716,16.192
winter,grint,21,Bloat,2_win1_grint,126.16,0.972,14.227,14.6345
winter,conint,21,Bloat,2_win2_conint,98.33,0.678,10.357,15.2669
winter,grint,21,Bloat,2_win2_grint,98.03,0.743,11.124,14.9693
winter,conint,21,Bloat,2_win3_conint,108.63,0.938,13.213,14.0807
winter,grint,21,Bloat,2_win3_grint,117.13,1.022,14.542,14.2241
winter,conint,38,Active,3_win1_conint,117.06,1.116,18.824,16.8714
winter,grint,38,Active,3_win1_grint,79.15,1.199,18.02,15.033
winter,conint,38,Active,3_win2_conint,103.63,0.799,13.047,16.3343
winter,grint,38,Active,3_win2_grint,86.39,1.08,13.923,12.8868
winter,conint,38,Active,3_win3_conint,126.04,1.102,14.447,13.1076
winter,grint,38,Active,3_win3_grint,85.49,1.125,20.667,18.3761
winter,conint,55,Active_adv,4_win1_conint,111.51,0.98,20.065,20.4686
winter,grint,55,Active_adv,4_win1_grint,82.55,0.858,19.614,22.8634
winter,conint,55,Active_adv,4_win2_conint,109.42,0.769,10.95,14.2395
winter,grint,55,Active_adv,4_win2_grint,90.86,1.901,21.954,11.5465
winter,conint,55,Active_adv,4_win3_conint,105.36,1.005,14.383,14.3081
winter,grint,55,Active_adv,4_win3_grint,80.74,1.165,24.232,20.7945
winter,conint,75,Advanced1,5_win1_conint,105.43,0.767,11.765,15.3305
winter,grint,75,Advanced1,5_win1_grint,82.23,1.646,22.926,13.9301
winter,conint,75,Advanced1,5_win2_conint,138.35,0.835,13.326,15.968
winter,grint,75,Advanced1,5_win2_grint,99.4,1.054,23.658,22.438
winter,conint,75,Advanced1,5_win3_conint,122.07,0.994,13.373,13.4514
winter,grint,75,Advanced1,5_win3_grint,90.43,1.118,13.797,12.343
winter,conint,94,Advanced2,6_win1_conint,131.57,0.816,11.733,14.3789
winter,grint,94,Advanced2,6_win1_grint,93.61,2.08,32.311,15.537
winter,conint,94,Advanced2,6_win2_conint,101.01,0.71,11.651,16.3996
winter,grint,94,Advanced2,6_win2_grint,89.02,1.279,21.875,17.0967
winter,conint,94,Advanced2,6_win3_conint,117.17,1.019,13.581,13.3269
winter,grint,94,Advanced2,6_win3_grint,89.12,1.811,27.755,15.33
winter,conint,110,Advanced3,7_win1_conint,148.97,0.69,9.894,14.3458
winter,grint,110,Advanced3,7_win1_grint,87.44,1.694,23.056,13.614
winter,conint,110,Advanced3,7_win2_conint,125.32,0.771,11.507,14.9278
winter,grint,110,Advanced3,7_win2_grint,88.14,1.338,24.757,18.4972
winter,conint,110,Advanced3,7_win3_conint,101.75,0.986,12.964,13.1509
winter,grint,110,Advanced3,7_win3_grint,107.51,1.098,14.103,12.8387
winter,conint,126,Advanced4,8_win1_conint,109.3,0.957,17.656,18.4421
winter,grint,126,Advanced4,8_win1_grint,109.92,2.347,34.301,14.6177
winter,conint,126,Advanced4,8_win2_conint,109.87,0.646,10.044,15.5458
winter,grint,126,Advanced4,8_win2_grint,108.62,1.411,18.411,13.0472
winter,conint,126,Advanced4,8_win3_conint,119.73,0.937,12.406,13.2361
winter,grint,126,Advanced4,8_win3_grint,114.49,1.388,16.017,11.5429
winter,conint,140,Advanced5_transition,9_win1_conint,100.17,0.815,13.351,16.3721
winter,grint,140,Advanced5_transition,9_win1_grint,109.22,1.285,22.244,17.315
winter,conint,140,Advanced5_transition,9_win2_conint,114.34,0.732,12.001,16.3992
winter,grint,140,Advanced5_transition,9_win2_grint,121.14,1.034,13.934,13.4766
winter,conint,140,Advanced5_transition,9_win3_conint,113.78,0.966,12.902,13.3536
winter,grint,140,Advanced5_transition,9_win3_grint,111.48,1.562,18.67,11.9535
winter,conint,158,Skeletonization1,10_win1_conint,125.13,0.978,17.626,18.0132
winter,grint,158,Skeletonization1,10_win1_grint,106.78,1.126,15.533,13.7889
winter,conint,158,Skeletonization1,10_win2_conint,108.97,0.794,13.403,16.8895
winter,grint,158,Skeletonization1,10_win2_grint,118.1,1.862,21.121,11.3451
winter,conint,158,Skeletonization1,10_win3_conint,120.62,0.906,11.682,12.8934
winter,grint,158,Skeletonization1,10_win3_grint,112.35,1.542,17.401,11.2834
winter,conint,172,Skeletonization2,11_win1_conint,123.74,0.593,8.077,13.6102
winter,grint,172,Skeletonization2,11_win1_grint,94.28,1.527,21.112,13.8232
winter,conint,172,Skeletonization2,11_win2_conint,125.91,0.888,16.542,18.624
winter,grint,172,Skeletonization2,11_win2_grint,136.23,0.959,12.753,13.2989
winter,conint,172,Skeletonization2,11_win3_conint,129.34,1.037,13.861,13.3638
winter,grint,172,Skeletonization2,11_win3_grint,122.06,1.054,12.302,11.6726
winter,conint,186,Skeletonization3,12_win1_conint,112.42,0.78,10.998,14.1006
winter,grint,186,Skeletonization3,12_win1_grint,118.93,1.265,16.198,12.8045
winter,conint,186,Skeletonization3,12_win2_conint,135.82,0.724,11.282,15.5823
winter,grint,186,Skeletonization3,12_win2_grint,128.34,0.884,10.966,12.4028
winter,conint,186,Skeletonization3,12_win3_conint,125.38,0.868,11.776,13.5636
winter,grint,186,Skeletonization3,12_win3_grint,102.37,1.103,13.026,11.8082
winter,conint,201,Skeletonization4,13_win1_conint,117.24,0.863,13.859,16.0607
winter,grint,201,Skeletonization4,13_win1_grint,111.41,1.413,17.359,12.2838
winter,conint,201,Skeletonization4,13_win2_conint,123.8,0.856,14.772,17.2584
winter,grint,201,Skeletonization4,13_win2_grint,119.38,1.784,20.021,11.2244
winter,conint,201,Skeletonization4,13_win3_conint,131.32,0.911,11.708,12.8462
winter,grint,201,Skeletonization4,13_win3_grint,127.39,1.069,10.861,10.1625
winter,conint,216,Skeletonization5,14_win1_conint,105.66,0.854,11.835,13.8562
winter,grint,216,Skeletonization5,14_win1_grint,126.63,1.392,16.843,12.0972
winter,conint,216,Skeletonization5,14_win2_conint,98.27,0.803,12.843,15.9901
winter,grint,216,Skeletonization5,14_win2_grint,117.05,0.959,11.51,11.9968
winter,conint,216,Skeletonization5,14_win3_conint,103.87,0.829,10.995,13.2676
winter,grint,216,Skeletonization5,14_win3_grint,110.25,1.219,15.736,12.9098
winter,conint,234,Skeletonization6,15_win1_conint,103.59,0.939,16.615,17.696
winter,grint,234,Skeletonization6,15_win1_grint,108.39,1.233,14.699,11.9261
winter,conint,234,Skeletonization6,15_win2_conint,124.32,0.676,10.539,15.5853
winter,grint,234,Skeletonization6,15_win2_grint,104.55,0.883,11.483,13.0038
winter,conint,234,Skeletonization6,15_win3_conint,105.81,1.006,12.869,12.7877
winter,grint,234,Skeletonization6,15_win3_grint,104.23,1.081,12.709,11.7568
winter,conint,252,Skeletonization7,16_win1_conint,103.7,0.628,9.416,14.9968
winter,grint,252,Skeletonization7,16_win1_grint,104.87,0.786,10.356,13.1698
winter,conint,252,Skeletonization7,16_win2_conint,109.08,0.719,10.724,14.9158
winter,grint,252,Skeletonization7,16_win2_grint,105.98,0.723,9.405,13.0118
winter,conint,252,Skeletonization7,16_win3_conint,113.62,0.83,10.678,12.865
winter,grint,252,Skeletonization7,16_win3_grint,107.3,1.912,20.106,10.5138
winter,conint,290,Skeletonization8,17_win1_conint,107.75,0.624,8.862,14.2002
winter,grint,290,Skeletonization8,17_win1_grint,103.3,0.903,12.408,13.7351
winter,conint,290,Skeletonization8,17_win2_conint,105.46,0.68,10.096,14.8475
winter,grint,290,Skeletonization8,17_win2_grint,106.6,0.877,11.036,12.5876
winter,conint,290,Skeletonization8,17_win3_conint,107.14,0.785,10.118,12.8838
winter,grint,290,Skeletonization8,17_win3_grint,104.14,0.898,10.119,11.2645
winter,conint,335,Skeletonization9,18_win1_conint,99.53,0.759,11.412,15.0308
winter,grint,335,Skeletonization9,18_win1_grint,101.57,1.051,13.715,13.0537
winter,conint,335,Skeletonization9,18_win2_conint,105.01,0.726,10.602,14.5933
winter,grint,335,Skeletonization9,18_win2_grint,105.91,1.036,12.608,12.1739
winter,conint,335,Skeletonization9,18_win3_conint,115.04,0.855,11.363,13.2968
winter,grint,335,Skeletonization9,18_win3_grint,118.55,1.012,10.591,10.4703
winter,conint,384,Skeletonization10,19_win1_conint,103.18,0.692,10.796,15.6014
winter,grint,384,Skeletonization10,19_win1_grint,113.4,1.365,15.201,11.1358
winter,conint,384,Skeletonization10,19_win2_conint,113.21,0.646,9.599,14.8655
winter,grint,384,Skeletonization10,19_win2_grint,111.39,1.084,14.617,13.4793
winter,conint,384,Skeletonization10,19_win3_conint,119.46,0.811,11.507,14.1889
winter,grint,384,Skeletonization10,19_win3_grint,105.54,1.047,10.923,10.4285
winter,con15,0,Initial,1_win1_con15,127.7,0.566,7.818,13.8089
winter,gr15,0,Initial,1_win1_gr15,92.91,0.483,6.802,14.095
winter,con15,0,Initial,1_win2_con15,111.76,0.429,6.526,15.2105
winter,gr15,0,Initial,1_win2_gr15,88.58,0.402,6.244,15.5285
winter,con15,0,Initial,1_win3_con15,96.74,0.803,9.936,12.3746
winter,gr15,0,Initial,1_win3_gr15,106.02,0.749,9.578,12.7833
winter,con15,21,Bloat,2_win1_con15,77.68,0.666,10.39,15.5968
winter,gr15,21,Bloat,2_win1_gr15,89.7,0.439,6.359,14.486
winter,con15,21,Bloat,2_win2_con15,89.38,0.45,6.094,13.5428
winter,gr15,21,Bloat,2_win2_gr15,80.08,0.38,4.982,13.115
winter,con15,21,Bloat,2_win3_con15,81.36,0.741,9.433,12.7386
winter,gr15,21,Bloat,2_win3_gr15,89.51,0.786,9.618,12.235
winter,con15,38,Active,3_win1_con15,86.56,0.509,6.776,13.3162
winter,gr15,38,Active,3_win1_gr15,82.81,0.57,7.812,13.7009
winter,con15,38,Active,3_win2_con15,105.68,0.515,7.465,14.4889
winter,gr15,38,Active,3_win2_gr15,95.21,0.444,5.966,13.4518
winter,con15,38,Active,3_win3_con15,91.51,0.862,10.74,12.4671
winter,gr15,38,Active,3_win3_gr15,116.65,0.818,10.516,12.86
winter,con15,55,Active_adv,4_win1_con15,79.52,0.724,11.333,15.6583
winter,gr15,55,Active_adv,4_win1_gr15,78.03,0.571,8.299,14.5353
winter,con15,55,Active_adv,4_win2_con15,79.44,0.51,7.402,14.5182
winter,gr15,55,Active_adv,4_win2_gr15,83.36,0.562,7.697,13.705
winter,con15,55,Active_adv,4_win3_con15,78.31,0.523,6.518,12.4589
winter,gr15,55,Active_adv,4_win3_gr15,87.33,0.763,9.265,12.1475
winter,con15,75,Advanced1,5_win1_con15,70.53,0.815,13.03,15.9811
winter,gr15,75,Advanced1,5_win1_gr15,75.68,0.509,7.588,14.9107
winter,con15,75,Advanced1,5_win2_con15,75.63,0.546,7.831,14.3525
winter,gr15,75,Advanced1,5_win2_gr15,87.24,0.591,8.181,13.846
winter,con15,75,Advanced1,5_win3_con15,80.95,0.891,11.112,12.4735
winter,gr15,75,Advanced1,5_win3_gr15,78.11,0.934,11.421,12.2258
winter,con15,94,Advanced2,6_win1_con15,105.07,0.963,14.046,14.5921
winter,gr15,94,Advanced2,6_win1_gr15,81.58,0.374,5.346,14.3093
winter,con15,94,Advanced2,6_win2_con15,78.4,0.503,6.97,13.8571
winter,gr15,94,Advanced2,6_win2_gr15,76.15,0.586,9.091,15.523
winter,con15,94,Advanced2,6_win3_con15,73.19,0.585,7.564,12.9348
winter,gr15,94,Advanced2,6_win3_gr15,95.53,0.798,9.001,11.2812
winter,con15,110,Advanced3,7_win1_con15,92.72,0.671,9.398,13.9965
winter,gr15,110,Advanced3,7_win1_gr15,85.24,0.603,10.222,16.9634
winter,con15,110,Advanced3,7_win2_con15,75.28,0.413,5.726,13.8767
winter,gr15,110,Advanced3,7_win2_gr15,89.93,0.643,8.693,13.5265
winter,con15,110,Advanced3,7_win3_con15,32.77,0.768,11.902,15.495
winter,gr15,110,Advanced3,7_win3_gr15,71.03,0.833,10.531,12.6405
winter,con15,126,Advanced4,8_win1_con15,79.83,0.634,9.032,14.2441
winter,gr15,126,Advanced4,8_win1_gr15,91.17,0.635,9.953,15.6707
winter,con15,126,Advanced4,8_win2_con15,84.09,0.479,6.822,14.2381
winter,gr15,126,Advanced4,8_win2_gr15,100.33,0.591,8.496,14.3689
winter,con15,126,Advanced4,8_win3_con15,84.18,0.734,9.239,12.5881
winter,gr15,126,Advanced4,8_win3_gr15,90.23,0.809,9.997,12.3518
winter,con15,140,Advanced5_transition,9_win1_con15,79.76,0.448,6.374,14.2327
winter,gr15,140,Advanced5_transition,9_win1_gr15,101.92,0.682,9.025,13.2278
winter,con15,140,Advanced5_transition,9_win2_con15,85.51,0.419,6.31,15.0685
winter,gr15,140,Advanced5_transition,9_win2_gr15,89.79,0.649,9.316,14.3599
winter,con15,140,Advanced5_transition,9_win3_con15,90.06,0.735,10.118,13.7741
winter,gr15,140,Advanced5_transition,9_win3_gr15,91.53,0.914,10.928,11.9539
winter,con15,158,Skeletonization1,10_win1_con15,75.12,0.636,8.974,14.1176
winter,gr15,158,Skeletonization1,10_win1_gr15,95.71,0.525,7.494,14.2647
winter,con15,158,Skeletonization1,10_win2_con15,78.89,0.425,6.217,14.622
winter,gr15,158,Skeletonization1,10_win2_gr15,87.33,0.971,13.937,14.3571
winter,con15,158,Skeletonization1,10_win3_con15,89.24,0.669,8.544,12.7771
winter,gr15,158,Skeletonization1,10_win3_gr15,81.9,0.936,10.736,11.4741
winter,con15,172,Skeletonization2,11_win1_con15,73.93,0.187,2.479,13.2611
winter,gr15,172,Skeletonization2,11_win1_gr15,83.48,2.341,21.835,9.3279
winter,con15,172,Skeletonization2,11_win2_con15,78.26,0.526,7.873,14.9535
winter,gr15,172,Skeletonization2,11_win2_gr15,77.61,0.304,3.842,12.6529
winter,con15,172,Skeletonization2,11_win3_con15,75.46,0.84,10.438,12.4314
winter,gr15,172,Skeletonization2,11_win3_gr15,80.51,0.886,9.999,11.2805
winter,con15,186,Skeletonization3,12_win1_con15,69.2,0.623,10.313,16.5451
winter,gr15,186,Skeletonization3,12_win1_gr15,98.69,0.46,6.241,13.5594
winter,con15,186,Skeletonization3,12_win2_con15,74.84,0.281,3.872,13.7947
winter,gr15,186,Skeletonization3,12_win2_gr15,87.68,0.337,4.148,12.3155
winter,con15,186,Skeletonization3,12_win3_con15,76.76,0.815,10.572,12.9742
winter,gr15,186,Skeletonization3,12_win3_gr15,73,0.655,7.791,11.8869
winter,con15,201,Skeletonization4,13_win1_con15,82.38,0.468,6.217,13.2787
winter,gr15,201,Skeletonization4,13_win1_gr15,85.32,1.068,14.543,13.6159
winter,con15,201,Skeletonization4,13_win2_con15,94.9,0.449,6.495,14.4776
winter,gr15,201,Skeletonization4,13_win2_gr15,83.47,0.376,4.678,12.4404
winter,con15,201,Skeletonization4,13_win3_con15,92.91,0.684,7.722,11.2819
winter,gr15,201,Skeletonization4,13_win3_gr15,85.26,0.624,8.269,13.2492
winter,con15,216,Skeletonization5,14_win1_con15,82.47,0.541,7.382,13.6512
winter,gr15,216,Skeletonization5,14_win1_gr15,99.04,0.209,2.542,12.1446
winter,con15,216,Skeletonization5,14_win2_con15,83.47,0.337,5.012,14.8674
winter,gr15,216,Skeletonization5,14_win2_gr15,100.21,0.479,6.039,12.6016
winter,con15,216,Skeletonization5,14_win3_con15,86.54,0.669,8.496,12.7062
winter,gr15,216,Skeletonization5,14_win3_gr15,81.01,0.768,9.04,11.7701
winter,con15,234,Skeletonization6,15_win1_con15,80.54,0.725,9.823,13.5401
winter,gr15,234,Skeletonization6,15_win1_gr15,88.55,0.754,10.144,13.4588
winter,con15,234,Skeletonization6,15_win2_con15,75.66,0.518,7.558,14.5862
winter,gr15,234,Skeletonization6,15_win2_gr15,94.85,0.46,5.658,12.3095
winter,con15,234,Skeletonization6,15_win3_con15,95.15,0.602,7.435,12.3417
winter,gr15,234,Skeletonization6,15_win3_gr15,84.58,0.951,11.309,11.8857
winter,con15,252,Skeletonization7,16_win1_con15,88.81,0.429,5.622,13.1107
winter,gr15,252,Skeletonization7,16_win1_gr15,78.22,0.419,5.144,12.2818
winter,con15,252,Skeletonization7,16_win2_con15,80.72,0.616,8.687,14.1116
winter,gr15,252,Skeletonization7,16_win2_gr15,91.47,0.308,3.913,12.7172
winter,con15,252,Skeletonization7,16_win3_con15,88.64,0.569,6.865,12.0655
winter,gr15,252,Skeletonization7,16_win3_gr15,73.97,0.8,9.222,11.5211
winter,con15,290,Skeletonization8,17_win1_con15,79.9,0.482,6.188,12.8439
winter,gr15,290,Skeletonization8,17_win1_gr15,73.39,0.409,5.225,12.7894
winter,con15,290,Skeletonization8,17_win2_con15,85.38,0.477,6.455,13.5411
winter,gr15,290,Skeletonization8,17_win2_gr15,73.52,0.609,9.006,14.7994
winter,con15,290,Skeletonization8,17_win3_con15,92.11,0.678,8.492,12.5324
winter,gr15,290,Skeletonization8,17_win3_gr15,79.15,0.786,8.859,11.275
winter,con15,335,Skeletonization9,18_win1_con15,91.56,0.5,6.371,12.7398
winter,gr15,335,Skeletonization9,18_win1_gr15,81.06,0.502,6.136,12.2172
winter,con15,335,Skeletonization9,18_win2_con15,75.91,0.675,9.37,13.871
winter,gr15,335,Skeletonization9,18_win2_gr15,79.79,0.344,4.215,12.2498
winter,con15,335,Skeletonization9,18_win3_con15,76.06,0.686,8.365,12.1972
winter,gr15,335,Skeletonization9,18_win3_gr15,73.6,1.06,11.224,10.5906
winter,con15,384,Skeletonization10,19_win1_con15,73.21,0.34,4.73,13.9306
winter,gr15,384,Skeletonization10,19_win1_gr15,76.96,0.534,6.439,12.0658
winter,con15,384,Skeletonization10,19_win2_con15,84.33,0.469,6.79,14.4695
winter,gr15,384,Skeletonization10,19_win2_gr15,76.45,0.955,12.145,12.715
winter,con15,384,Skeletonization10,19_win3_con15,77.47,0.712,9.084,12.7562
winter,gr15,384,Skeletonization10,19_win3_gr15,75.95,0.804,8.793,10.9381
